,training,training,training,training,training,training,testing,testing,testing,testing,testing,testing,training
,accuracy_score,balanced_accuracy,roc_score,precision,recall,mcc,accuracy_score,balanced_accuracy,roc_score,precision,recall,mcc,loss
epoch,,,,,,,,,,,,,
0,0.6441188394046446,0.7291304045287315,0.7291304045287315,0.8235216506020748,0.6441188394046446,0.4719669101067336,0.5122459614382491,0.6260689438593101,0.6260689438593101,0.7798849558635222,0.5122459614382491,0.31028057150106736,0.62414163
1,0.6469566224590259,0.7313253265677395,0.7313253265677395,0.8243509117731013,0.6469566224590259,0.47530697632827246,0.5164147993746743,0.6310724466131994,0.6310724466131994,0.7902007613710454,0.5164147993746743,0.32332045255997166,0.47146156
2,0.7430937626686743,0.8033992713561234,0.8033992713561234,0.8499489443883829,0.7430937626686743,0.5857893270658774,0.5758207399687337,0.672857280896705,0.672857280896705,0.7912155892973133,0.5758207399687337,0.3790233109277348,0.43191996
3,0.7733248392888168,0.8267143223008311,0.8267143223008311,0.8613756312638757,0.7733248392888168,0.6248540629695531,0.5914538822303282,0.6858277369794183,0.6858277369794183,0.7993684415705622,0.5914538822303282,0.4009571265849086,0.40483353
4,0.8328603694909364,0.8701469879697105,0.8701469879697105,0.8832247893622835,0.8328603694909364,0.7020081518422678,0.645127670661803,0.7206867813315296,0.7206867813315296,0.7979582575163138,0.645127670661803,0.44441302049929177,0.38983473
5,0.8453118665662825,0.8797619143884473,0.8797619143884473,0.889467589856615,0.8453118665662825,0.7204516054809976,0.6670140698280355,0.7380362836989081,0.7380362836989083,0.8071377820920806,0.6670140698280355,0.47272140453636635,0.3799929
6,0.85365147390977,0.8853152973529377,0.8853152973529377,0.8926054313954523,0.85365147390977,0.7315206818023638,0.686294945284002,0.7519367813315296,0.7519367813315296,0.8120186073913114,0.686294945284002,0.49399941479915965,0.36643815
7,0.853825215729426,0.8863466805054716,0.8863466805054716,0.8939065190087584,0.853825215729426,0.7333296277260146,0.675872850442939,0.744760967243212,0.744760967243212,0.8101320107218679,0.675872850442939,0.4833826016287413,0.356326
8,0.8860253663056697,0.9077627872309693,0.9077627872309693,0.9081848546746194,0.8860253663056697,0.7791605162496787,0.7352787910369984,0.7799255966760072,0.7799255966760074,0.8132008509466381,0.7352787910369984,0.5337889627511265,0.35309005
9,0.8836508947703712,0.906246636615684,0.906246636615684,0.9070566575041585,0.8836508947703712,0.7756681432152415,0.7258989056800417,0.7746442893033143,0.7746442893033143,0.8123826467953829,0.7258989056800417,0.5255551795466245,0.34054887
10,0.8849250014478485,0.9068866624488627,0.9068866624488627,0.9074755925642936,0.8849250014478485,0.7772985500114534,0.7415320479416363,0.7872469562276548,0.787246956227655,0.8203673752196659,0.7415320479416363,0.5478709612805676,0.3413839
11,0.8433427926101813,0.8794121000405478,0.8794121000405479,0.8901514622784314,0.8433427926101813,0.7196466978863588,0.6560708702449193,0.7319360566238284,0.7319360566238284,0.8091764450445957,0.6560708702449193,0.4661540792046518,0.3366654
12,0.8819713905136967,0.9059939622523956,0.9059939622523956,0.907175230302612,0.8819713905136967,0.7743891886203218,0.7415320479416363,0.7901892694946371,0.7901892694946372,0.8255891814381593,0.7415320479416363,0.5545511809185544,0.33278334
13,0.8916430184745469,0.911904238803412,0.9119042388034121,0.911513540706833,0.8916430184745469,0.7882957673857315,0.7457008858780615,0.7878369890810706,0.7878369890810706,0.8178471329732638,0.7457008858780615,0.5477995559386127,0.32450607
14,0.8680141310013321,0.8973212907005121,0.8973212907005123,0.9016064353725753,0.8680141310013321,0.7552729518680034,0.7003647733194373,0.7629849502367378,0.7629849502367378,0.8178166802472402,0.7003647733194373,0.5122398119426956,0.32208878
15,0.8515665720738982,0.8854499744595393,0.8854499744595393,0.8938922348270492,0.8515665720738982,0.7313876970629879,0.6769150599270454,0.747758841433955,0.7477588414339549,0.8158167243378176,0.6769150599270454,0.49088109533395696,0.31525856
16,0.8996351421787224,0.9170712027583161,0.9170712027583161,0.9157528870690352,0.8996351421787224,0.8006694569080646,0.7649817613340282,0.8028408541888106,0.8028408541888105,0.827301389100991,0.7649817613340282,0.5749912577639058,0.31347692
17,0.8866624196444084,0.9080419136281564,0.9080419136281567,0.9083598593475116,0.8866624196444084,0.7799310154783349,0.7441375716519021,0.7881214368538023,0.7881214368538023,0.8196113596322038,0.7441375716519021,0.5489025101107082,0.31994078
18,0.8486129611397464,0.8834942247586204,0.8834942247586203,0.8928325320743432,0.8486129611397464,0.7275261878646309,0.6743095362167796,0.7465165716494347,0.7465165716494349,0.8168090438674482,0.6743095362167796,0.48989583665162517,0.30567044
19,0.9071639543638154,0.9229904234685666,0.9229904234685666,0.9209272997870803,0.9071639543638154,0.8139112381755895,0.7774882751433038,0.8097600009662769,0.8097600009662769,0.8295312869119609,0.7774882751433038,0.5875089758858986,0.30615187
20,0.9111600162159031,0.9245108559415669,0.924510855941567,0.9224401360487122,0.9111600162159031,0.8193144491635457,0.7826993225638353,0.8096700164267079,0.809670016426708,0.8266851111806893,0.7826993225638353,0.587532352993273,0.29889974
21,0.8989401749000985,0.9180973715928311,0.9180973715928311,0.9167517037109438,0.8989401749000985,0.801386503112835,0.7628973423658155,0.8053042564498986,0.8053042564498986,0.8328396780203594,0.7628973423658155,0.580614060720369,0.2983232
22,0.9044419991892049,0.9219055842317352,0.9219055842317352,0.9199736490031984,0.9044419991892049,0.810326246122226,0.7655028660760813,0.8032364238090637,0.8032364238090637,0.8275461928497556,0.7655028660760813,0.5757147355643276,0.30086204
23,0.8976081542827359,0.9180266836421189,0.9180266836421189,0.9168218660345355,0.8976081542827359,0.8003321172638163,0.7540385617509119,0.7974762054304764,0.7974762054304765,0.8270806243310511,0.7540385617509119,0.5662442343865546,0.2934076
24,0.9036312040308102,0.9203088690461999,0.9203088690461999,0.9185655664496941,0.9036312040308102,0.8077809921761652,0.7686294945284002,0.8030353174219731,0.8030353174219731,0.8251551704896397,0.7686294945284002,0.5749138165391838,0.2940614
25,0.8886894075403949,0.9119519285531907,0.9119519285531907,0.9120858809237201,0.8886894075403949,0.7865083541937014,0.7451797811360084,0.7944294134699005,0.7944294134699006,0.8297724110770991,0.7451797811360084,0.5627273171140706,0.2948145
26,0.919557537499276,0.9303944044504346,0.9303944044504345,0.9280951093139245,0.919557537499276,0.8339759139149497,0.7884314747264201,0.8129179147743744,0.8129179147743743,0.8283492569688287,0.7884314747264201,0.5940678935929895,0.29141253
27,0.8926275554525974,0.9152682944907172,0.9152682944907172,0.9147990514692034,0.8926275554525974,0.793411547661195,0.7467430953621678,0.7959839114890328,0.7959839114890328,0.8310851650061523,0.7467430953621678,0.5656247315242969,0.28766942
28,0.9095384258991139,0.9264282404957455,0.9264282404957455,0.923926266095632,0.9095384258991139,0.819891490374724,0.7665450755601876,0.80402756304957,0.8040275630495701,0.8280367655041965,0.7665450755601876,0.5771633715225468,0.2870494
29,0.9117970695546418,0.9278155847745018,0.9278155847745017,0.925163997501314,0.9117970695546418,0.8234624223392955,0.7743616466909848,0.8118000531452314,0.8118000531452314,0.8345504976914542,0.7743616466909848,0.5917930326561294,0.2783363
30,0.9127236925928071,0.92798741855929,0.92798741855929,0.9253528803497332,0.9127236925928071,0.8245086427951163,0.7821782178217822,0.815894651657165,0.815894651657165,0.8355579121248892,0.7821782178217822,0.5991736030808368,0.2780356
31,0.9042682573695489,0.9235727113597327,0.9235727113597327,0.921517035950783,0.9042682573695489,0.8121900311195697,0.7649817613340282,0.8057831674557928,0.8057831674557929,0.831965457537499,0.7649817613340282,0.5811092999778115,0.2763066
32,0.9111600162159031,0.9278635505325303,0.9278635505325303,0.9251874694823108,0.9111600162159031,0.8229427666279958,0.778009379885357,0.8134656730118852,0.8134656730118853,0.8346136354567331,0.778009379885357,0.5947021223745298,0.2752996
33,0.9069902125441593,0.9251481888293882,0.9251481888293882,0.9228252838424722,0.9069902125441593,0.8162503717912302,0.7722772277227723,0.8113211421393371,0.8113211421393371,0.835298576924688,0.7722772277227723,0.5911509863806292,0.27874538
34,0.8964498754850293,0.917883442820087,0.9178834428200868,0.9168380414801592,0.8964498754850293,0.7993528600600719,0.7529963522668056,0.8014663252488163,0.8014663252488163,0.834986759615412,0.7529963522668056,0.5755256370971173,0.2758942
35,0.9166618405050095,0.9319170822878464,0.9319170822878464,0.9288234901840123,0.9166618405050095,0.8324661407683069,0.7821782178217822,0.8184691757657745,0.8184691757657745,0.8393712630755026,0.7821782178217822,0.6042268681759145,0.27014902
36,0.9193258817397347,0.9335712594071445,0.9335712594071445,0.9303831414389723,0.9193258817397347,0.8368198233112356,0.7910369984366857,0.8226193352014688,0.8226193352014688,0.8399655780263827,0.7910369984366857,0.6118947549945435,0.26404673
37,0.9235535993513638,0.9377616091979197,0.9377616091979197,0.9341113072896199,0.9235535993513638,0.8453815419081714,0.7972902553413236,0.8262628031693884,0.8262628031693884,0.8416545920122221,0.7972902553413236,0.6189806355266914,0.26291203
38,0.9155614756471883,0.9321448935295938,0.9321448935295938,0.9289520055132737,0.9155614756471883,0.831677255249221,0.7759249609171444,0.8115156053724997,0.8115156053724997,0.8330608086395302,0.7759249609171444,0.5910339616685065,0.26196718
39,0.9308507557769155,0.9417059834202293,0.9417059834202293,0.9382852414636418,0.9308507557769155,0.857213514847535,0.8071912454403335,0.8301007343704706,0.8301007343704706,0.8423140099638649,0.8071912454403335,0.6274064855368104,0.26169795
40,0.9261018127063184,0.9395731856165028,0.9395731856165028,0.9358313497237447,0.9261018127063184,0.8498566675735749,0.8035435122459614,0.8317452169291719,0.8317452169291719,0.8459009441834429,0.8035435122459614,0.6295323282362346,0.25402752
41,0.9166618405050095,0.93383874869974,0.93383874869974,0.9304241851563491,0.9166618405050095,0.8345514047784239,0.7806149035956227,0.8194892018552518,0.8194892018552518,0.8420372558703668,0.7806149035956227,0.6064885572204369,0.26001352
42,0.9194417096195054,0.9339453848600852,0.9339453848600852,0.9306870078998014,0.9194417096195054,0.8373191964619856,0.7910369984366857,0.8255616484684511,0.8255616484684511,0.8441817681588343,0.7910369984366857,0.6175021131547046,0.25513616
43,0.9167776683847803,0.932904505531817,0.932904505531817,0.9296400976449501,0.9167776683847803,0.8336339183963957,0.784783741532048,0.8211826021837858,0.8211826021837859,0.841722297843316,0.784783741532048,0.6093584534736368,0.24882203
44,0.9033995482712689,0.9245487735073615,0.9245487735073615,0.922548373603126,0.9033995482712689,0.8127665909927323,0.7649817613340282,0.8124033723065031,0.8124033723065031,0.8432259464435191,0.7649817613340282,0.5955284846391534,0.24759182
45,0.9168355823246656,0.9329484654403803,0.9329484654403803,0.9296795495970852,0.9168355823246656,0.8337358222319676,0.7858259510161543,0.822341530582665,0.822341530582665,0.8427736381581977,0.7858259510161543,0.611557211476175,0.25315613
46,0.9177042914229455,0.9333216584330173,0.9333216584330174,0.9300383730489064,0.9177042914229455,0.8349607009979395,0.7879103699843668,0.8228204415885593,0.8228204415885593,0.8421235957770536,0.7879103699843668,0.6123360483454799,0.2486911
47,0.9188625702206521,0.9357545443415609,0.9357545443415608,0.9321161156104545,0.9188625702206521,0.8386751750529258,0.7863470557582074,0.8231048893612909,0.8231048893612909,0.8435782326994844,0.7863470557582074,0.6130221391808532,0.24581318
48,0.9325881739734754,0.9436789649875628,0.9436789649875628,0.9400085758278929,0.9325881739734754,0.8609982022776551,0.8181344450234497,0.8387754855541598,0.8387754855541598,0.8489548795637017,0.8181344450234497,0.6448571749426235,0.24345489
49,0.9306191000173741,0.9425523067710254,0.9425523067710253,0.9387930252690422,0.9306191000173741,0.8576833859315918,0.8025013027618552,0.8302184993719199,0.83021849937192,0.8443857377842,0.8025013027618552,0.6266794657712607,0.24411938
50,0.9171251520240922,0.9344357470846592,0.9344357470846592,0.9309456916801462,0.9171251520240922,0.8356333186059828,0.7811360083376758,0.819516982317132,0.8195169823171322,0.8417028164702414,0.7811360083376758,0.6064640876418481,0.24201769
51,0.9145769386691377,0.9323379650302619,0.932337965030262,0.9291024353192859,0.9145769386691377,0.8310116103300765,0.7785304846274101,0.8175391342158662,0.8175391342158661,0.8404985640868584,0.7785304846274101,0.6028411787576231,0.2420185
52,0.9239589969305612,0.9389279454653052,0.9389279454653052,0.9350576391059598,0.9239589969305612,0.8469707097342296,0.7863470557582074,0.821265943569427,0.8212659435694271,0.840823676136913,0.7863470557582074,0.609397358484459,0.23785321
53,0.9306191000173741,0.9435744697560753,0.9435744697560753,0.9395010457793186,0.9306191000173741,0.8586116256018791,0.8056279312141741,0.8359020195187941,0.8359020195187941,0.8504313897325556,0.8056279312141741,0.6372368390442155,0.23854524
54,0.9267967799849424,0.9412455270625194,0.9412455270625194,0.9371796822910341,0.9267967799849424,0.8522254027775681,0.7972902553413236,0.8295729055947434,0.8295729055947435,0.8462076646406916,0.7972902553413236,0.6250832182634083,0.23441325
55,0.9290554236404702,0.9425102117830697,0.9425102117830697,0.9384582667814031,0.9290554236404702,0.8558768936618962,0.7936425221469515,0.823861604985989,0.8238616049859889,0.8402704386581171,0.7936425221469515,0.6143109600869013,0.236527
56,0.9274917472635663,0.9414050672906622,0.9414050672906621,0.9373977753930888,0.9274917472635663,0.8531204144285849,0.805106826472121,0.835506449898541,0.835506449898541,0.8501641693426076,0.805106826472121,0.6364718821253477,0.23347399
57,0.9312561533561128,0.9441806883084785,0.9441806883084785,0.9400505133205417,0.9312561533561128,0.8598889542508343,0.8009379885356956,0.8301351579862789,0.8301351579862789,0.8450290773999245,0.8009379885356956,0.6263435439528587,0.223324
58,0.9319511206347367,0.9441766824590133,0.9441766824590132,0.9401904765405631,0.9319511206347367,0.8606818556725128,0.8165711307972903,0.8431056140689922,0.8431056140689922,0.8547350323619637,0.8165711307972903,0.6515722089179974,0.23312214
59,0.9218740950946893,0.9378769135092491,0.9378769135092492,0.9340346507729208,0.9218740950946893,0.8438095517139365,0.7920792079207921,0.8263527877089574,0.8263527877089576,0.8446894732490169,0.7920792079207921,0.6189899136403817,0.23150147
60,0.9285341981815023,0.9429323029940391,0.942932302994039,0.9386885360082227,0.9285341981815023,0.8557173858010271,0.7910369984366857,0.8237227026765871,0.8237227026765871,0.8415243041612488,0.7910369984366857,0.6139774490004695,0.22416852
61,0.9320090345746221,0.9447112806004005,0.9447112806004007,0.940570748313986,0.9320090345746221,0.8612302107797319,0.8113600833767587,0.8387821287080878,0.8387821287080878,0.8514742705242404,0.8113600833767587,0.6431124534384919,0.22531463
62,0.9329935715526727,0.9459492372788021,0.9459492372788022,0.9416309944593169,0.9329935715526727,0.8634802829391945,0.8118811881188119,0.8406488549618321,0.8406488549618321,0.8536730145253242,0.8118811881188119,0.6464739039427224,0.22023436
63,0.9360630103665952,0.9479929067968479,0.947992906796848,0.9436963401142635,0.9360630103665952,0.8688819295760304,0.8134445023449713,0.8418355638225916,0.8418355638225916,0.8544937327204946,0.8134445023449713,0.6488000978308467,0.22055155
64,0.9183992587015695,0.9361797089416916,0.9361797089416916,0.9324692049310691,0.9183992587015695,0.8387227613349083,0.7811360083376758,0.8209881389506233,0.8209881389506233,0.8440213528762277,0.7811360083376758,0.6094766035565542,0.22053157
65,0.928302542421961,0.9425111442433736,0.9425111442433736,0.9383403193702237,0.928302542421961,0.8550607308270279,0.7978113600833767,0.8307040535317423,0.8307040535317423,0.847510428793784,0.7978113600833767,0.6272204301038976,0.21778345
66,0.9282446284820757,0.9427533899706241,0.9427533899706241,0.9385138784239906,0.9282446284820757,0.8552349850727282,0.7936425221469515,0.8279072857280896,0.8279072857280898,0.8459887757227511,0.7936425221469515,0.6219329089967499,0.21978152
67,0.9428389413331789,0.9524002587495286,0.9524002587495287,0.9483901564461641,0.9428389413331789,0.8809983306938374,0.8233454924439813,0.8427311817566914,0.8427311817566914,0.8519855499983546,0.8233454924439813,0.6530051109991938,0.22246216
68,0.9289975097005849,0.943815507014772,0.943815507014772,0.939418012384003,0.9289975097005849,0.8570725019271237,0.7941636268890047,0.8275672770315972,0.8275672770315973,0.8451790364693995,0.7941636268890047,0.6212711522388416,0.21918502
69,0.9343255921700353,0.9470012016951621,0.9470012016951621,0.9426336035195886,0.9343255921700353,0.8659623107429321,0.8045857217300677,0.8336397236447965,0.8336397236447967,0.8479097367849238,0.8045857217300677,0.6330461952382893,0.21497925
70,0.9322986042740488,0.9459532431282673,0.9459532431282673,0.9415033300334681,0.9322986042740488,0.862699680665759,0.8009379885356956,0.8323418929365156,0.8323418929365156,0.8480420950077743,0.8009379885356956,0.6303781478173511,0.21752577
71,0.9371054612845312,0.9492748233838129,0.9492748233838129,0.9447952446616662,0.9371054612845312,0.8712359424600061,0.8129233976029182,0.8396010484104744,0.8396010484104746,0.8518372574295491,0.8129233976029182,0.6448178871223025,0.21242237
72,0.9303295303179475,0.9445812657953181,0.9445812657953181,0.9401798359562572,0.9303295303179475,0.8592392779683752,0.7957269411151642,0.8276506184172383,0.8276506184172383,0.8443884382236305,0.7957269411151642,0.6214413696868821,0.20903152
73,0.9328777436729021,0.9462701826556953,0.9462701826556953,0.9418345912910308,0.9328777436729021,0.8636425920655155,0.8056279312141741,0.8370053869939125,0.8370053869939125,0.8519460425593783,0.8056279312141741,0.6392529203293585,0.21108802
74,0.9223953205536572,0.9392947156713696,0.9392947156713695,0.9352320813625592,0.9223953205536572,0.8458172229804,0.7826993225638353,0.8221748478113828,0.8221748478113826,0.844734312844463,0.7826993225638353,0.6116419807602012,0.20835094
75,0.9267388660450571,0.9420192975419959,0.9420192975419958,0.9377669103367361,0.9267388660450571,0.8529358907838375,0.7978113600833767,0.8329107884819789,0.832910788481979,0.8507089444482986,0.7978113600833767,0.6314345783025065,0.21378869
76,0.9363525800660218,0.9486624580530867,0.9486624580530867,0.9442101045328466,0.9363525800660218,0.8698075843390526,0.8082334549244398,0.834201976036332,0.834201976036332,0.8469743101667772,0.8082334549244398,0.6345981722494451,0.20987009
77,0.9284183703017316,0.9436621135649521,0.9436621135649521,0.9392293870563038,0.9284183703017316,0.8563148675324291,0.7905158936946326,0.8270050246400619,0.827005024640062,0.8466677750685686,0.7905158936946326,0.6203584263998441,0.21147704
78,0.9379741703828112,0.9500159950510676,0.9500159950510676,0.9454950012547526,0.9379741703828112,0.8729164921845292,0.805106826472121,0.8332997149483041,0.8332997149483043,0.8472072280167177,0.805106826472121,0.6325042116902536,0.20204903
79,0.9337464527711821,0.9474202195169701,0.94742021951697,0.9428129615552372,0.9337464527711821,0.8656817842160103,0.7998957790515894,0.8315507536960093,0.8315507536960093,0.8475158693583342,0.7998957790515894,0.6288618207594578,0.20483786
80,0.9431285110326055,0.9531106965251694,0.9531106965251694,0.9488975801154355,0.9431285110326055,0.8819197679144075,0.8113600833767587,0.8332652913324958,0.8332652913324959,0.8446580976226481,0.8113600833767587,0.633789113678705,0.19939215
81,0.9296345630393236,0.9443808390477733,0.9443808390477734,0.9399305909371893,0.9296345630393236,0.8583004728390345,0.7926003126628453,0.8282195139627018,0.8282195139627017,0.8471106316011413,0.7926003126628453,0.6225873262184077,0.20083874
82,0.9307349278971448,0.9451751907910757,0.9451751907910757,0.9406813493252326,0.9307349278971448,0.8602480656011366,0.795205836373111,0.8261516813218668,0.8261516813218669,0.8425867976839749,0.795205836373111,0.618628637817469,0.20552045
83,0.9313719812358835,0.9454134306688611,0.9454134306688611,0.9409554865784118,0.9313719812358835,0.8611681443431203,0.7962480458572173,0.8306207121461011,0.830620712146101,0.8483322513678749,0.7962480458572173,0.6270746235591895,0.19975576
84,0.9314298951757688,0.9457027096938364,0.9457027096938364,0.9411771811130323,0.9314298951757688,0.8615065524996328,0.7957269411151642,0.8276506184172383,0.8276506184172383,0.8443884382236305,0.7957269411151642,0.6214413696868821,0.19906479
85,0.9333410551919847,0.9471942731958303,0.9471942731958303,0.9425788770296496,0.9333410551919847,0.8650183859188776,0.7978113600833767,0.8288651077398783,0.8288651077398783,0.8449278645915439,0.7978113600833767,0.6237834648742842,0.1959621
86,0.933920194590838,0.9475520992426603,0.9475520992426602,0.9429386708409314,0.933920194590838,0.8659989824413235,0.8030224075039083,0.8339241714175283,0.8339241714175283,0.8490996695551112,0.8030224075039083,0.6334192889833442,0.19766213
87,0.9292870794000115,0.9447712639068249,0.944771263906825,0.9401868664645789,0.9292870794000115,0.8583221653191272,0.7910369984366857,0.8270328051019422,0.8270328051019422,0.8463623838924387,0.7910369984366857,0.6203706786635367,0.19095974
88,0.933572710951526,0.9472474532718779,0.9472474532718778,0.9426581069709418,0.933572710951526,0.8653268743897387,0.7967691505992704,0.8288095468161175,0.8288095468161174,0.8454284548290094,0.7967691505992704,0.6236394612242872,0.19713302
89,0.9325302600335901,0.9471921322669727,0.9471921322669729,0.94244696215467,0.9325302600335901,0.8641256589547767,0.8004168837936425,0.8337852691081264,0.8337852691081264,0.8503770315675947,0.8004168837936425,0.6330629546497906,0.19983256
90,0.9305611860774888,0.9453704032206015,0.9453704032206015,0.9408030315918847,0.9305611860774888,0.8602508988763015,0.7946847316310578,0.8294340032853416,0.8294340032853417,0.8475721843000661,0.7946847316310578,0.6248401317707566,0.19356
91,0.9402907279782243,0.9523059161458292,0.952305916145829,0.9475703820671934,0.9402907279782243,0.8776719959760314,0.8082334549244398,0.8371442893033143,0.8371442893033143,0.8507909926452392,0.8082334549244398,0.6397562482184385,0.19516781
92,0.9325302600335901,0.9469059266311588,0.9469059266311589,0.942235034272799,0.9325302600335901,0.8638523392118949,0.795205836373111,0.8272550487969852,0.8272550487969852,0.8441269691025887,0.795205836373111,0.6206870638404534,0.19482835
93,0.9363525800660218,0.9495619614799305,0.9495619614799305,0.9448229803034867,0.9363525800660218,0.8706028016028298,0.8040646169880146,0.8358186781331529,0.8358186781331529,0.8511563254240045,0.8040646169880146,0.6369728307604182,0.19167906
94,0.9186309144611108,0.937050619405779,0.9370506194057789,0.9332315189957292,0.9186309144611108,0.8399081156541899,0.7717561229807192,0.8135000966276935,0.8135000966276935,0.8392043631358719,0.7717561229807192,0.5958141626403252,0.18808834
95,0.9349047315688886,0.9487082828822577,0.9487082828822578,0.9439427246897888,0.9349047315688886,0.8681739670535435,0.7978113600833767,0.8318074210068606,0.8318074210068604,0.8490959621660528,0.7978113600833767,0.6293151513245374,0.19325966
96,0.9360630103665952,0.9496283675729276,0.9496283675729275,0.9448117677625462,0.9360630103665952,0.8703299443964969,0.7931214174048984,0.8256727703159725,0.8256727703159725,0.8430851668001975,0.7931214174048984,0.6176766481519742,0.18743932
97,0.9327040018532461,0.9471195793956529,0.9471195793956529,0.9424195093664605,0.9327040018532461,0.8642452446942386,0.7946847316310578,0.828698424968596,0.828698424968596,0.8464981352085021,0.7946847316310578,0.62342463785579,0.18258606
98,0.9367579776452192,0.9500332269174823,0.9500332269174823,0.9452327034855336,0.9367579776452192,0.8714941625597483,0.8025013027618552,0.8335286017972752,0.833528601797275,0.8488346311128747,0.8025013027618552,0.6326579364623841,0.18789077
99,0.9452713268083628,0.9558820356852707,0.9558820356852707,0.9512210272281996,0.9452713268083628,0.8868541738990213,0.8170922355393434,0.842397816214127,0.842397816214127,0.8536328365365142,0.8170922355393434,0.65048596770347,0.18048921
100,0.9304453581977182,0.9454460294810827,0.9454460294810827,0.940844897032985,0.9304453581977182,0.8602018234855717,0.7910369984366857,0.8255616484684511,0.8255616484684511,0.8441817681588343,0.7910369984366857,0.6175021131547046,0.18986042
101,0.9292291654601262,0.9448908500758695,0.9448908500758694,0.9402736388694871,0.9292291654601262,0.8583822299348265,0.7899947889525795,0.8258738767030631,0.8258738767030631,0.8453134073363923,0.7899947889525795,0.6181722288868822,0.18778612
102,0.927433833323681,0.9434054333521984,0.9434054333521984,0.938926572057283,0.927433833323681,0.8550491855107925,0.7853048462741011,0.8241526959126486,0.8241526959126486,0.845929817340734,0.7853048462741011,0.6152629746239598,0.18310127
103,0.9305611860774888,0.9454112897400035,0.9454112897400035,0.9408338993601902,0.9305611860774888,0.8602907393821952,0.7978113600833767,0.8321752101652333,0.8321752101652333,0.8496305542795534,0.7978113600833767,0.6300188694902225,0.17995629
104,0.9390745352406324,0.9519142828182239,0.9519142828182238,0.9470180209368723,0.9390745352406324,0.8758708774690912,0.805106826472121,0.833667504106677,0.833667504106677,0.8476927744896182,0.805106826472121,0.6331587909165264,0.18495363
105,0.9399432443389124,0.9526554544854786,0.9526554544854786,0.9477151075805837,0.9399432443389124,0.8775486790502182,0.8040646169880146,0.833979732341289,0.833979732341289,0.8486290065282457,0.8040646169880146,0.633605233213505,0.18458652
106,0.9383216540221231,0.9510974848904878,0.9510974848904878,0.9462969797081399,0.9383216540221231,0.8742660343188214,0.801980198019802,0.831294086385158,0.8312940863851579,0.8460635159642219,0.801980198019802,0.6285423019553971,0.18202136
107,0.9321248624543927,0.947007072465235,0.9470070724652351,0.9422504539857155,0.9321248624543927,0.8635106094737107,0.7920792079207921,0.8278239443424485,0.8278239443424487,0.8468608251920928,0.7920792079207921,0.6218477951315184,0.17885953
108,0.942143974054555,0.9541623849332795,0.9541623849332795,0.9492485277071185,0.942143974054555,0.8815010013331306,0.808754559666493,0.8386432263986858,0.8386432263986859,0.8525388569797819,0.808754559666493,0.6425027967741396,0.17739864
109,0.9454450686280188,0.9566680997213928,0.9566680997213928,0.9517462328781942,0.9454450686280188,0.8876906735883733,0.8097967691505993,0.8353886848970915,0.8353886848970915,0.8478208603315058,0.8097967691505993,0.6369514197111109,0.17949912
110,0.9338043667110674,0.9482819098135733,0.9482819098135733,0.943447289204741,0.9338043667110674,0.8665523622957281,0.7967691505992704,0.8324874383998453,0.8324874383998454,0.8507526348685394,0.7967691505992704,0.6306631218897484,0.1764802
111,0.9376846006833844,0.9515134293231344,0.9515134293231343,0.9464512570200518,0.9376846006833844,0.8738945538777494,0.7962480458572173,0.8291495555126098,0.8291495555126098,0.8462102517005106,0.7962480458572173,0.6242707795081812,0.17632644
112,0.9325302600335901,0.9476009974609927,0.9476009974609927,0.9427534297590668,0.9325302600335901,0.8645200557864118,0.7842626367899947,0.8196836650884143,0.8196836650884143,0.839817557507226,0.7842626367899947,0.6064421176199747,0.17585452
113,0.9384953958417791,0.9517200028490019,0.9517200028490019,0.9467587343614636,0.9384953958417791,0.8750177530643561,0.7998957790515894,0.8315507536960093,0.8315507536960093,0.8475158693583342,0.7998957790515894,0.6288618207594578,0.17051834
114,0.9366421497654486,0.9503541722943755,0.9503541722943756,0.9454343466194562,0.9366421497654486,0.871650836773929,0.7899947889525795,0.8232993525944536,0.8232993525944536,0.8415344988807133,0.7899947889525795,0.6131811771493678,0.16993894
115,0.9304453581977182,0.9458548946751026,0.9458548946751026,0.9411577153929713,0.9304453581977182,0.860604710840568,0.7910369984366857,0.8277683834186877,0.8277683834186879,0.8474712294465148,0.7910369984366857,0.6218214547336375,0.17250565
116,0.9375687728036138,0.9509757577925857,0.9509757577925857,0.9460521605160755,0.9375687728036138,0.8732767921433874,0.7972902553413236,0.8284695381196251,0.8284695381196251,0.8446635866807877,0.7972902553413236,0.6230250357990513,0.17400186
117,0.9379162564429259,0.951607495918584,0.9516074959185838,0.9465622866678965,0.9379162564429259,0.8742453503080433,0.808754559666493,0.840114383032177,0.840114383032177,0.854547750208269,0.808754559666493,0.645173391137191,0.17279725
118,0.9391324491805177,0.9520809022849932,0.9520809022849933,0.9471435798017395,0.9391324491805177,0.8760848175228144,0.8014590932777488,0.8327374625567687,0.8327374625567687,0.848305845603285,0.8014590932777488,0.6311373684240296,0.17099455
119,0.9412173510163896,0.9531728207604513,0.9531728207604513,0.9483697899719964,0.9412173510163896,0.8795349764200873,0.8144867118290776,0.8448334380133347,0.8448334380133347,0.857977334451423,0.8144867118290776,0.6542658845192914,0.17200878
120,0.946024208026872,0.9567397201324088,0.9567397201324087,0.9519692687202777,0.946024208026872,0.8884985862361862,0.8160500260552371,0.8419744661319934,0.8419744661319934,0.8535246729847322,0.8160500260552371,0.6495302184644492,0.16950363
121,0.9405223837377656,0.9535039187651325,0.9535039187651325,0.9484174040477976,0.9405223837377656,0.8789737151467888,0.8004168837936425,0.8319463233162625,0.8319463233162624,0.8477787701760068,0.8004168837936425,0.6296196327714249,0.16808976
122,0.9417964904152429,0.9544710367535272,0.9544710367535272,0.9493614157468011,0.9417964904152429,0.8813347286535612,0.805106826472121,0.835506449898541,0.835506449898541,0.8501641693426076,0.805106826472121,0.6364718821253477,0.1667735
123,0.9377425146232699,0.9512302970764819,0.9512302970764818,0.9462643050560907,0.9377425146232699,0.8737058660933336,0.8009379885356956,0.833445260411634,0.8334452604116339,0.8495885212505249,0.8009379885356956,0.6324318273739074,0.1648292
124,0.9329935715526727,0.9479117902100977,0.9479117902100977,0.9430513334434768,0.9329935715526727,0.8653176384972946,0.7837415320479416,0.8233337762102618,0.8233337762102618,0.8457932500338641,0.7837415320479416,0.6138421812608457,0.16592008
125,0.93426767823015,0.9490015677566983,0.9490015677566983,0.9440498725798564,0.93426767823015,0.8677422182164504,0.7868681605002605,0.8242360372982898,0.8242360372982898,0.8449461623410696,0.7868681605002605,0.6152224187668428,0.16563828
126,0.9290554236404702,0.9446771973113752,0.9446771973113753,0.9400883566187171,0.9290554236404702,0.857988909946139,0.7816571130797291,0.8199125519373852,0.8199125519373852,0.8419447373122461,0.7816571130797291,0.6071904651267125,0.16243152
127,0.941101523136619,0.9537799717731585,0.9537799717731584,0.9487370307888262,0.941101523136619,0.8799057428596264,0.8035435122459614,0.8328485844042903,0.8328485844042902,0.8473681078199635,0.8035435122459614,0.6315087080179663,0.17081738
128,0.9386112237215498,0.9518079226661287,0.9518079226661287,0.946843724584453,0.9386112237215498,0.8752311178198252,0.7978113600833767,0.8296006860566238,0.8296006860566238,0.8459519717688038,0.7978113600833767,0.6251501684120606,0.1682673
129,0.940232814038339,0.9536112113775315,0.9536112113775315,0.9484261205787035,0.940232814038339,0.8787244040493349,0.8025013027618552,0.8357353367475118,0.8357353367475119,0.8519333913769529,0.8025013027618552,0.6367649451875471,0.16727175
130,0.9285341981815023,0.9448539694059327,0.9448539694059327,0.9401780786033733,0.9285341981815023,0.8576389215775657,0.7670661803022407,0.8088366025702967,0.8088366025702967,0.8353017758681925,0.7670661803022407,0.587072115460924,0.15842552
131,0.9273759193837957,0.9440565442734689,0.9440565442734689,0.9394451286265907,0.9273759193837957,0.855663666722119,0.7717561229807192,0.8112933616774567,0.8112933616774567,0.8356410297461938,0.7717561229807192,0.5911909303915217,0.16084698
132,0.9428389413331789,0.9554258611852762,0.9554258611852761,0.9502448784854148,0.9428389413331789,0.8834102555640402,0.8066701406982804,0.8366931587593004,0.8366931587593004,0.850967157642202,0.8066701406982804,0.6387689413620373,0.16173625
133,0.9343835061099206,0.9488032819380112,0.9488032819380112,0.9439220374632383,0.9343835061099206,0.8676815646828894,0.791558103178739,0.826325007247077,0.826325007247077,0.8449748275819506,0.791558103178739,0.6189573939979574,0.1601944
134,0.952684311113685,0.9615497905007866,0.9615497905007866,0.9570522302366175,0.952684311113685,0.9010659230164231,0.8212610734757686,0.84262005990917,0.84262005990917,0.8524423804013551,0.8212610734757686,0.6520604501634821,0.1595068
135,0.9415069207158163,0.9545374428465241,0.9545374428465241,0.9493371716149116,0.9415069207158163,0.8810428339180392,0.79833246482543,0.8310996231519954,0.8310996231519954,0.8477693239567038,0.79833246482543,0.6279727222951021,0.1567461
136,0.9413331788961603,0.9543237900820299,0.95432379008203,0.9491538816860949,0.9413331788961603,0.8806507088938097,0.7988535695674831,0.8322307710889941,0.8322307710889942,0.849077950712584,0.7988535695674831,0.6301139822018182,0.16237368
137,0.9501940116986158,0.9599048335489728,0.9599048335489728,0.9552102517624508,0.9501940116986158,0.8964398541130751,0.8191766545075561,0.8447156730118852,0.8447156730118852,0.855685861777961,0.8191766545075561,0.6548894225466075,0.15160511
138,0.9397115885793711,0.953092912642255,0.9530929126422552,0.9479595319181142,0.9397115885793711,0.8776556201383536,0.7816571130797291,0.8166024495120301,0.8166024495120302,0.8369215948880215,0.7816571130797291,0.6005846306736455,0.15304385
139,0.9493832165402213,0.9597800330619093,0.9597800330619094,0.9548508692647911,0.9493832165402213,0.8952457073902922,0.8150078165711307,0.8404477485747415,0.8404477485747415,0.8520371063723403,0.8150078165711307,0.6467044175926016,0.15481356
140,0.9428389413331789,0.9555076342240801,0.9555076342240801,0.9502984443808183,0.9428389413331789,0.883479137215907,0.805106826472121,0.8358742390569137,0.8358742390569137,0.850667264266331,0.805106826472121,0.6371425935828817,0.15599787
141,0.9464296056060694,0.9578651698803924,0.9578651698803924,0.9527706688224009,0.9464296056060694,0.8898990786873097,0.8030224075039083,0.8339241714175283,0.8339241714175283,0.8490996695551112,0.8030224075039083,0.6334192889833442,0.155067
142,0.9464875195459547,0.9577046971919458,0.9577046971919458,0.9526908883009798,0.9464875195459547,0.8898482943306782,0.8129233976029182,0.8392332592521017,0.8392332592521018,0.851369448082633,0.8129233976029182,0.6441847703829191,0.1554754
143,0.9405802976776511,0.9537523112707058,0.9537523112707059,0.9485981582113586,0.9405802976776511,0.8792583617909885,0.8004168837936425,0.8323141124746352,0.8323141124746353,0.8482924274177458,0.8004168837936425,0.6303028581056386,0.15103903
144,0.9392482770602885,0.952536800776738,0.952536800776738,0.9474793863455311,0.9392482770602885,0.8766215122614267,0.7931214174048984,0.8282472944245821,0.828247294424582,0.8468157169434747,0.7931214174048984,0.6226116113653807,0.15314305
145,0.9514681183760931,0.9613217032507894,0.9613217032507894,0.9564574491382265,0.9514681183760931,0.8992015960564949,0.8160500260552371,0.839399942023384,0.8393999420233839,0.8503602185222184,0.8160500260552371,0.6452161870362089,0.15442719
146,0.9241906526901025,0.9415160897442765,0.9415160897442766,0.9371691596854754,0.9241906526901025,0.8499025686477748,0.778009379885357,0.8186147212291043,0.8186147212291043,0.8426050216266631,0.778009379885357,0.6051618175669651,0.15719514
147,0.9455608965077894,0.9563062678250976,0.9563062678250976,0.9515647336202232,0.9455608965077894,0.8875592581430864,0.8108389786347056,0.8383865590878345,0.8383865590878345,0.8511973184866676,0.8108389786347056,0.6423335835701095,0.15169375
148,0.9464296056060694,0.9578651698803924,0.9578651698803924,0.9527706688224009,0.9464296056060694,0.8898990786873097,0.8066701406982804,0.8363253696009276,0.8363253696009276,0.8504705573158545,0.8066701406982804,0.6381051612716703,0.14891389
149,0.9452713268083628,0.9570677447479286,0.9570677447479284,0.9519414043946581,0.9452713268083628,0.8877863625288468,0.8014590932777488,0.8316340950816504,0.8316340950816504,0.8467896423498686,0.8014590932777488,0.6291121657425868,0.14951657
150,0.9361209243064805,0.9506127174277368,0.9506127174277368,0.9455267483443899,0.9361209243064805,0.8713021280387525,0.7832204273058885,0.8218348391148903,0.8218348391148904,0.8438163169054878,0.7832204273058885,0.6108635311329039,0.15324758
151,0.9376846006833844,0.9518405214783503,0.9518405214783503,0.9466833191608467,0.9376846006833844,0.8741926308978245,0.7868681605002605,0.8235004589815441,0.8235004589815441,0.8438249784730796,0.7868681605002605,0.6137559694787132,0.14692353
152,0.9434180807320321,0.9556610276739,0.9556610276739,0.9505453509173367,0.9434180807320321,0.884318648162731,0.7978113600833767,0.8296006860566238,0.8296006860566238,0.8459519717688038,0.7978113600833767,0.6251501684120606,0.14962246
153,0.9500781838188452,0.960552871081082,0.9605528710810819,0.955530739315836,0.9500781838188452,0.8967505137529451,0.8097967691505993,0.8372276306889554,0.8372276306889554,0.8501669788373688,0.8097967691505993,0.6401336775408633,0.15019827
154,0.9298083048589796,0.9459846334719353,0.9459846334719353,0.9411917724453389,0.9298083048589796,0.8600787719528352,0.7691505992704534,0.8115222485264276,0.8115222485264276,0.8380480658230653,0.7691505992704534,0.592261962923061,0.14973675
155,0.9441130480106562,0.9563929791736707,0.9563929791736706,0.951197830364588,0.9441130480106562,0.8857847818459448,0.7978113600833767,0.8307040535317423,0.8307040535317423,0.847510428793784,0.7978113600833767,0.6272204301038976,0.14976808
156,0.9417964904152429,0.954920788466949,0.9549207884669492,0.9496609821031506,0.9417964904152429,0.8817198683202293,0.7931214174048984,0.8260405594743454,0.8260405594743453,0.8436090684043707,0.7931214174048984,0.6183735317962372,0.14874092
157,0.9409856952568483,0.9542235767082576,0.9542235767082575,0.949007660126337,0.9409856952568483,0.880149738449054,0.7905158936946326,0.8255338680065707,0.8255338680065707,0.8444702128831573,0.7905158936946326,0.6174735697261897,0.13808587
158,0.9456767243875601,0.9576616697436862,0.9576616697436863,0.9524269775707565,0.9456767243875601,0.8887771528945049,0.7978113600833767,0.829232896898251,0.829232896898251,0.8454384404951206,0.7978113600833767,0.6244654753135526,0.14734559
159,0.9371633752244165,0.9514448823012798,0.9514448823012798,0.9463067540799512,0.9371633752244165,0.8732404389458355,0.7873892652423137,0.8235282394434245,0.8235282394434245,0.8435173310731457,0.7873892652423137,0.613762647035627,0.1465604
160,0.9438234783112295,0.9560914065920498,0.9560914065920498,0.9509281410117857,0.9438234783112295,0.8851766825108613,0.7993746743095362,0.829684027442265,0.829684027442265,0.8452190533048578,0.7993746743095362,0.6253877301289246,0.13981858
161,0.9347309897492326,0.9494759065834115,0.9494759065834115,0.9444713606954982,0.9347309897492326,0.8686991179127155,0.784783741532048,0.8208148130254131,0.8208148130254131,0.8411679707620535,0.784783741532048,0.6086295806045957,0.14654213
162,0.9439972201308855,0.9563459458759459,0.9563459458759459,0.951137227236591,0.9439972201308855,0.8856023487813887,0.8035435122459614,0.8365264759880182,0.8365264759880182,0.8524497512550006,0.8035435122459614,0.6382716815322731,0.14150485
163,0.9425493716337523,0.9553696077200671,0.9553696077200672,0.9501369378264576,0.9425493716337523,0.8830104048912754,0.7941636268890047,0.8268316987148516,0.8268316987148516,0.8441268617669686,0.7941636268890047,0.6198746919373765,0.14230327
164,0.9415069207158163,0.9547827619629361,0.9547827619629361,0.9495024940030167,0.9415069207158163,0.8812551172125078,0.7842626367899947,0.8204192434051599,0.82041924340516,0.8409192787681288,0.7842626367899947,0.6078943262647605,0.14136161
165,0.9441709619505415,0.956436939082234,0.956436939082234,0.9512412919156374,0.9441709619505415,0.8858929282267979,0.7941636268890047,0.8275672770315972,0.8275672770315973,0.8451790364693995,0.7941636268890047,0.6212711522388416,0.14109673
166,0.9391324491805177,0.952939519192435,0.952939519192435,0.9477344594862218,0.9391324491805177,0.8768451662778523,0.7910369984366857,0.8281361725770606,0.8281361725770606,0.8480303397326066,0.7910369984366857,0.6225510014888663,0.14326301
167,0.9456767243875601,0.9577434427824902,0.9577434427824904,0.9524783701946968,0.9456767243875601,0.888843213833372,0.8030224075039083,0.8339241714175283,0.8339241714175283,0.8490996695551112,0.8030224075039083,0.6334192889833442,0.14057316
168,0.9544217293102449,0.9637680911845323,0.9637680911845321,0.9589024369203405,0.9544217293102449,0.9050291701528062,0.8176133402813965,0.841322229200889,0.841322229200889,0.8521185618819159,0.8176133402813965,0.6488245288386569,0.14668268
169,0.9422598019343256,0.9553133542548582,0.9553133542548581,0.9500309818874297,0.9422598019343256,0.8826130034789419,0.7905158936946326,0.8240627113730796,0.8240627113730795,0.8423215764471004,0.7905158936946326,0.6146323290098802,0.13951439
170,0.9357155267272833,0.950632090223009,0.9506320902230091,0.9454766704270837,0.9357155267272833,0.8708732457372073,0.778009379885357,0.817511353753986,0.8175113537539858,0.8408405189108796,0.778009379885357,0.6028750536056129,0.14431366
171,0.9353680430879713,0.9501230116552167,0.9501230116552168,0.9450472308447403,0.9353680430879713,0.8700102476891676,0.7722772277227723,0.8124245096144556,0.8124245096144554,0.8370527395963795,0.7722772277227723,0.5934380373598345,0.13804814
172,0.9406382116175364,0.9538371576986713,0.9538371576986713,0.9486685376807303,0.9406382116175364,0.8794009737268793,0.7936425221469515,0.825700550777853,0.8257005507778529,0.8428252279268624,0.7936425221469515,0.617735375964955,0.13862202
173,0.9484565935020559,0.9595673127577189,0.9595673127577189,0.9544201261521167,0.9484565935020559,0.8938539805313007,0.8092756644085461,0.8379354285438206,0.8379354285438205,0.8513359907372213,0.8092756644085461,0.6413014240545327,0.13530464
174,0.9422598019343256,0.9553133542548582,0.9553133542548581,0.9500309818874297,0.9422598019343256,0.8826130034789419,0.7842626367899947,0.8193158759300416,0.8193158759300416,0.8392712749130149,0.7842626367899947,0.6057200659409842,0.14041476
175,0.9348468176290033,0.9496864859587442,0.9496864859587442,0.9446448261147745,0.9348468176290033,0.8690257384427935,0.7774882751433038,0.8160124166586145,0.8160124166586143,0.8388630900774059,0.7774882751433038,0.5998885518824496,0.14464289
176,0.9287658539410436,0.9451933551177942,0.9451933551177942,0.9404693070193705,0.9287658539410436,0.8582195359233132,0.7686294945284002,0.8096555222726833,0.8096555222726834,0.8354019049443812,0.7686294945284002,0.5884298090244088,0.14028889
177,0.9460821219667574,0.9581738217006399,0.9581738217006399,0.9528615287222347,0.9460821219667574,0.8897021065935676,0.7946847316310578,0.8268594791767321,0.826859479176732,0.8438659091117753,0.7946847316310578,0.6199334412383734,0.13395286
178,0.9413331788961603,0.9547326552760499,0.9547326552760499,0.9494301271875544,0.9413331788961603,0.881005420651635,0.7853048462741011,0.821578171804039,0.821578171804039,0.841970219320028,0.7853048462741011,0.6100930269131323,0.13844542
179,0.9452713268083628,0.9571904043061346,0.9571904043061344,0.9520181139393689,0.9452713268083628,0.8878851505168728,0.7920792079207921,0.825249420233839,0.825249420233839,0.8430928797948258,0.7920792079207921,0.6168750551179164,0.13560723
180,0.9504256674581572,0.9607348574936583,0.9607348574936583,0.9557549263502881,0.9504256674581572,0.8973535442670583,0.8082334549244398,0.8371442893033143,0.8371442893033143,0.8507909926452392,0.8082334549244398,0.6397562482184385,0.13666922
181,0.9424914576938669,0.9555300804085137,0.9555300804085138,0.9502297927335084,0.9424914576938669,0.8830773449202489,0.7811360083376758,0.8180458256836409,0.818045825683641,0.8394348581481189,0.7811360083376758,0.6034958145185345,0.13117173
182,0.9444605316499681,0.956738511663855,0.956738511663855,0.9515110148866055,0.9444605316499681,0.8865011034285449,0.7936425221469515,0.8264361290945985,0.8264361290945985,0.8438677636492039,0.7936425221469515,0.6191237752123988,0.12989902
183,0.9327619157931314,0.9483901348862761,0.948390134886276,0.9433841584953704,0.9327619157931314,0.8655369672480059,0.7707139134966128,0.8123411682288144,0.8123411682288144,0.8381365672542235,0.7707139134966128,0.593611592494523,0.13562931
184,0.9360050964267099,0.95052479761061,0.95052479761061,0.9454435830190469,0.9360050964267099,0.8710913002106195,0.7811360083376758,0.8184136148420137,0.8184136148420136,0.8399971633798723,0.7811360083376758,0.6042337735841578,0.13184634
185,0.9346730758093473,0.9496363792718581,0.949636379271858,0.9445817883270254,0.9346730758093473,0.8687888031283403,0.7743616466909848,0.8132712097787226,0.8132712097787226,0.8368398470631948,0.7743616466909848,0.59479493747427,0.13113184
186,0.9455608965077894,0.9573693173295494,0.9573693173295493,0.9522115733817111,0.9455608965077894,0.8883954251617613,0.7978113600833767,0.8281295294231327,0.8281295294231327,0.8439155275651707,0.7978113600833767,0.6224274581241949,0.13175006
187,0.9382637400822378,0.9520756879669743,0.9520756879669743,0.946958655372787,0.9382637400822378,0.875067137100704,0.7832204273058885,0.8196281041646536,0.8196281041646536,0.8404230054814981,0.7832204273058885,0.6064256859271492,0.13057323
188,0.948109109862744,0.9594670993839466,0.9594670993839466,0.954251331404026,0.948109109862744,0.8933225205885853,0.7978113600833767,0.8277617402647599,0.8277617402647599,0.8434137411532029,0.7978113600833767,0.6217534451462996,0.13318662
189,0.9440551340707708,0.9565534518621173,0.9565534518621172,0.951286123850727,0.9440551340707708,0.8858460060485442,0.801980198019802,0.8335008213353947,0.8335008213353948,0.8490801718131843,0.801980198019802,0.6325763754650402,0.13131805
190,0.9404644697978803,0.953746164492383,0.953746164492383,0.9485684453629183,0.9404644697978803,0.8791158908522361,0.7868681605002605,0.8216615131896802,0.8216615131896802,0.8410761488061546,0.7868681605002605,0.6101377562156729,0.13435538
191,0.9408698673770777,0.9541765434105327,0.9541765434105327,0.9489501559553656,0.9408698673770777,0.8799714793920426,0.7889525794684732,0.8243471591458111,0.8243471591458111,0.843716203733066,0.7889525794684732,0.6152526966160288,0.12866826
192,0.9284183703017316,0.9447251630694038,0.9447251630694038,0.9400652134817848,0.9284183703017316,0.8573905944069654,0.7722772277227723,0.8116889312977099,0.8116889312977098,0.8358801194922691,0.7722772277227723,0.5919105871001621,0.13289963
193,0.9434759946719176,0.9562773988540914,0.9562773988540914,0.9509606955016998,0.9434759946719176,0.8849048646921175,0.7868681605002605,0.8231326698231713,0.8231326698231713,0.8432690569902074,0.7868681605002605,0.613026871980943,0.13277023
194,0.9357155267272833,0.950754749781215,0.9507547497812149,0.9455676945664538,0.9357155267272833,0.8709897836148143,0.7722772277227723,0.8138956662479466,0.8138956662479466,0.8394366116582868,0.7722772277227723,0.596526265317674,0.1321846
195,0.9437076504314589,0.9561670328525309,0.956167032852531,0.9509468035559192,0.9437076504314589,0.8850962411855099,0.7853048462741011,0.8208425934872934,0.8208425934872935,0.8408669222295483,0.7853048462741011,0.6086406127861003,0.12884025
196,0.9394799328198298,0.9530806190856094,0.9530806190856094,0.9479026669606768,0.9394799328198298,0.8773740680355476,0.7795726941115164,0.8172269059812542,0.8172269059812542,0.8392632617812986,0.7795726941115164,0.602046643500999,0.121945776
197,0.9307349278971448,0.9466471054895474,0.9466471054895473,0.9418050275984542,0.9307349278971448,0.8616949595769419,0.7722772277227723,0.8135278770895739,0.813527877089574,0.8388357700423811,0.7722772277227723,0.5957500123011394,0.12799181
198,0.9285921121213876,0.9450614753921041,0.9450614753921041,0.9403492510404323,0.9285921121213876,0.8579101906665799,0.7597707139134966,0.805505362836989,0.805505362836989,0.8358569691555621,0.7597707139134966,0.5820207699387396,0.14304842
199,0.9459662940869867,0.9582085614417191,0.9582085614417191,0.9528515912944008,0.9459662940869867,0.8895844661993743,0.7910369984366857,0.8244582809933327,0.8244582809933326,0.8425782825129888,0.7910369984366857,0.6153792424227862,0.13039595
200,0.9428389413331789,0.955671180301688,0.9556711803016881,0.9504061173622436,0.9428389413331789,0.8836174807540625,0.7842626367899947,0.8207870325635327,0.8207870325635327,0.8414747478874934,0.7842626367899947,0.6086245036783838,0.12900232
201,0.9380320843226965,0.9523087135267406,0.9523087135267405,0.9470806899102784,0.9380320843226965,0.875015170715507,0.7774882751433038,0.81674799497536,0.8167479949753598,0.8400193330505961,0.7774882751433038,0.6013961640443914,0.12558632
202,0.9355417849076273,0.9501731183421029,0.9501731183421028,0.9451113969190617,0.9355417849076273,0.8702486907821658,0.7707139134966128,0.8105022224369505,0.8105022224369504,0.8351638506309184,0.7707139134966128,0.5897533188788601,0.12552546
203,0.9409856952568483,0.9544688958246695,0.9544688958246695,0.9491747938337329,0.9409856952568483,0.8803642268425249,0.7837415320479416,0.8211270412600251,0.8211270412600251,0.8423500924677476,0.7837415320479416,0.6093623342769215,0.12839471
204,0.9343835061099206,0.949293920170835,0.949293920170835,0.9442842437326062,0.9343835061099206,0.868147061707675,0.7707139134966128,0.8108700115953232,0.8108700115953232,0.8357519549240611,0.7707139134966128,0.5905194281278158,0.12405479
205,0.9415648346557016,0.9549084949103035,0.9549084949103035,0.9496005962825106,0.9415648346557016,0.8814332461160198,0.7853048462741011,0.821578171804039,0.821578171804039,0.841970219320028,0.7853048462741011,0.6100930269131323,0.12854202
206,0.9395957606996004,0.9533729714997461,0.9533729714997461,0.9481293521142425,0.9395957606996004,0.8777693688273995,0.7863470557582074,0.8238404676780365,0.8238404676780366,0.844701728709473,0.7863470557582074,0.6144912180354151,0.12790652
207,0.9356576127873979,0.9505472437950436,0.9505472437950437,0.9454050716504706,0.9356576127873979,0.8707293978845725,0.7743616466909848,0.8158457338873322,0.8158457338873321,0.8409684476350423,0.7743616466909848,0.6001542880184857,0.12176627
208,0.9419123182950137,0.9548451622064678,0.9548451622064678,0.9496372060261171,0.9419123182950137,0.8817937955047284,0.7873892652423137,0.8235282394434245,0.8235282394434245,0.8435173310731457,0.7873892652423137,0.613762647035627,0.12542312
209,0.9464296056060694,0.9583558081132162,0.9583558081132162,0.9530730460132372,0.9464296056060694,0.8902882347412605,0.795205836373111,0.8279906271137307,0.8279906271137308,0.8451685567337396,0.795205836373111,0.6220727357227789,0.12887643
210,0.9445184455898534,0.9569051311306244,0.9569051311306244,0.9516331094954731,0.9445184455898534,0.8867103188768328,0.7821782178217822,0.8173658082906561,0.8173658082906561,0.8377188280625815,0.7821782178217822,0.6020451272877236,0.12490948
211,0.9367579776452192,0.9511371629413361,0.9511371629413361,0.9460145415794019,0.9367579776452192,0.8725008358505508,0.7800937988535696,0.8161513189680163,0.8161513189680162,0.8372677782635117,0.7800937988535696,0.5998292326734452,0.12600422
212,0.9261597266462037,0.9435422513876576,0.9435422513876577,0.9389506194733538,0.9261597266462037,0.8539427483909966,0.7556018759770714,0.8023408058749638,0.8023408058749637,0.8340956859486038,0.7556018759770714,0.5764697720006996,0.12208499
213,0.9502519256385011,0.960766523845576,0.9607665238455761,0.9557123481399096,0.9502519256385011,0.8971417320424803,0.8035435122459614,0.831377427770799,0.831377427770799,0.8454176574221027,0.8035435122459614,0.628878847790312,0.12620874
214,0.9341518503503793,0.9492407400947875,0.9492407400947874,0.9442111899317596,0.9341518503503793,0.8678453426315816,0.7649817613340282,0.8065187457725385,0.8065187457725385,0.8331632256438118,0.7649817613340282,0.5826660668181448,0.12531884
215,0.9354838709677419,0.9504562505887555,0.9504562505887555,0.9453114505451696,0.9354838709677419,0.870453085039001,0.7634184471078687,0.8056998260701518,0.8056998260701518,0.8330710341026327,0.7634184471078687,0.5813218989624968,0.119774744
216,0.9445184455898534,0.9568642446112224,0.9568642446112224,0.9516068625060745,0.9445184455898534,0.8866765971859505,0.7884314747264201,0.822480432892067,0.822480432892067,0.841298664003601,0.7884314747264201,0.6116512387072569,0.12270394
217,0.9369317194648752,0.9515961348222421,0.9515961348222423,0.9463769987957322,0.9369317194648752,0.8731218653047768,0.7743616466909848,0.8151101555705865,0.8151101555705866,0.8397727125407265,0.7743616466909848,0.598609101366577,0.11852443
218,0.9450396710488215,0.9575869759435088,0.9575869759435088,0.9522079238568293,0.9450396710488215,0.8879195698591992,0.7868681605002605,0.8209259348729345,0.8209259348729345,0.8399979514259823,0.7868681605002605,0.6087094222628939,0.11851884
219,0.934962645508774,0.9501423844504888,0.9501423844504889,0.9450016256197897,0.934962645508774,0.8695871433744092,0.7587285044293903,0.8014041211711276,0.8014041211711276,0.8297685974113003,0.7587285044293903,0.5733785791911732,0.12592351
220,0.945850466207216,0.9579979820663864,0.9579979820663863,0.9526867501155805,0.945850466207216,0.8892680317339984,0.7967691505992704,0.8284417576577447,0.8284417576577446,0.8449126107424562,0.7967691505992704,0.622952041058611,0.12337344
221,0.9393061910001738,0.9532349449957331,0.9532349449957332,0.9479756021355328,0.9393061910001738,0.8773110704869075,0.7806149035956227,0.8172824669050149,0.8172824669050152,0.8386283862712688,0.7806149035956227,0.6020283505440057,0.12107955
222,0.9226269763131986,0.9407789239264868,0.9407789239264868,0.9364991079176481,0.9226269763131986,0.847649869366602,0.7550807712350183,0.8023130254130835,0.8023130254130834,0.8345294194314287,0.7550807712350183,0.5766067289828315,0.12110508
223,0.9433601667921468,0.9560259329593566,0.9560259329593566,0.9507671626393934,0.9433601667921468,0.8845517610546956,0.7879103699843668,0.8239238090636777,0.8239238090636776,0.8437659836854611,0.7879103699843668,0.6144990550325252,0.12609917
224,0.9395378467597151,0.9535743307075948,0.9535743307075948,0.9482590977322218,0.9395378467597151,0.8778833842845414,0.7868681605002605,0.8238682481399169,0.8238682481399169,0.8443840083833005,0.7868681605002605,0.6144878149223514,0.12293761
225,0.940754039497307,0.9542930561904159,0.9542930561904159,0.9490048179531702,0.940754039497307,0.8799371265772069,0.7806149035956227,0.8198569910136245,0.8198569910136244,0.8426164384656606,0.7806149035956227,0.6072415797589121,0.11885887
226,0.9494990444199919,0.960072385476046,0.9600723854760461,0.9550577277802935,0.9494990444199919,0.8956173526764616,0.8071912454403335,0.834514204270944,0.8345142042709441,0.8478290405261028,0.8071912454403335,0.6349560426367333,0.1206656
227,0.9433601667921468,0.9559441599205526,0.9559441599205526,0.9507137554530654,0.9433601667921468,0.8844831389331641,0.7889525794684732,0.8221404241955745,0.8221404241955744,0.8404907152484377,0.7889525794684732,0.6109831118759493,0.11653093
228,0.9455608965077894,0.9576964094847654,0.9576964094847654,0.9524168024748474,0.9455608965077894,0.8886593813749001,0.7920792079207921,0.8248816310754662,0.8248816310754662,0.8425666862828096,0.7920792079207921,0.6161754903983534,0.11879119
229,0.9302716163780622,0.9465816318568543,0.9465816318568543,0.9417081270934775,0.9302716163780622,0.8611554230020774,0.7613340281396561,0.8044853367475118,0.8044853367475119,0.8327623985981853,0.7613340281396561,0.5792876345504161,0.120562226
230,0.9416227485955869,0.9545027031054449,0.9545027031054449,0.9493409203716369,0.9416227485955869,0.8811519918857743,0.7873892652423137,0.8205859261764422,0.8205859261764422,0.8391891573760492,0.7873892652423137,0.6080380973754478,0.12181969
231,0.9374529449238431,0.9516237953246948,0.9516237953246948,0.9464865814229445,0.9374529449238431,0.8737317141005356,0.7842626367899947,0.8178447192965503,0.8178447192965504,0.8371163171392909,0.7842626367899947,0.6028586433315903,0.1240759
232,0.9486303353217119,0.9595356464058011,0.9595356464058012,0.9544573485134318,0.9486303353217119,0.8940588608052988,0.7993746743095362,0.8274772924920282,0.8274772924920281,0.842255038916627,0.7993746743095362,0.6213921372619554,0.120035864
233,0.9478195401633173,0.9593699593993357,0.9593699593993358,0.9541042094198464,0.9478195401633173,0.8928712788589097,0.7972902553413236,0.8277339598028794,0.8277339598028796,0.8436489453687014,0.7972902553413236,0.6216662966840935,0.11407406
234,0.9455029825679041,0.9576115630568001,0.9576115630568002,0.9523473183132961,0.9455029825679041,0.8885177444280827,0.7931214174048984,0.8260405594743454,0.8260405594743453,0.8436090684043707,0.7931214174048984,0.6183735317962372,0.116904244
235,0.935310129148086,0.9501199382660552,0.9501199382660552,0.945036035003293,0.935310129148086,0.8699438336948655,0.7649817613340282,0.8050475891390472,0.8050475891390473,0.8307805319401546,0.7649817613340282,0.579563532081712,0.11237604
236,0.9490357329009093,0.9603748905179708,0.9603748905179709,0.9550836405361063,0.9490357329009093,0.8952316698793674,0.7946847316310578,0.8239171659097497,0.8239171659097497,0.8398080124687314,0.7946847316310578,0.6144864526498139,0.11794308
237,0.9471824868245787,0.9591317195215503,0.9591317195215503,0.9537704848600145,0.9471824868245787,0.8918655479764843,0.7884314747264201,0.8213770654169485,0.8213770654169485,0.8397050935276678,0.7884314747264201,0.6095326498165361,0.11940989
238,0.9496148722997626,0.9609371491618107,0.9609371491618108,0.9556010839474997,0.9496148722997626,0.8964215436259139,0.7972902553413236,0.8292051164363707,0.8292051164363706,0.8456900058868764,0.7972902553413236,0.6243944695137548,0.11043266
239,0.9485724213818266,0.9598187786524537,0.9598187786524538,0.9546063125421362,0.9485724213818266,0.8941983855943026,0.7879103699843668,0.8198781283215769,0.8198781283215768,0.8378766919663424,0.7879103699843668,0.6066864292249624,0.11146047
240,0.9335147970116408,0.9490025002170022,0.9490025002170022,0.9439458235222355,0.9335147970116408,0.8669328328695176,0.7769671704012506,0.8163524253551068,0.8163524253551068,0.8397802409224302,0.7769671704012506,0.600674536955299,0.11591562
241,0.9380320843226965,0.9523496000461427,0.9523496000461427,0.9471099802230716,0.9380320843226965,0.875052701928989,0.7733194372068786,0.8117444922214707,0.8117444922214707,0.8352038781398529,0.7733194372068786,0.5918401762544006,0.11702439
242,0.954247987490589,0.9643312822886759,0.9643312822886759,0.9591341881348211,0.954247987490589,0.905170164042688,0.8045857217300677,0.8306974103778143,0.8306974103778143,0.844073302664489,0.8045857217300677,0.6278512646203442,0.111966036
243,0.9456188104476747,0.9576585963545248,0.9576585963545248,0.9524089301351041,0.9456188104476747,0.8887016193241127,0.791558103178739,0.8233826939800947,0.8233826939800948,0.840743865557037,0.791558103178739,0.613339245418118,0.10620377
244,0.9441130480106562,0.9566791848094847,0.9566791848094847,0.9513824187018242,0.9441130480106562,0.8860219998306084,0.7926003126628453,0.8245416223789739,0.8245416223789739,0.8417845467419498,0.7926003126628453,0.6155373106915365,0.10953321
245,0.9383216540221231,0.9524876265501556,0.9524876265501555,0.9472609663649052,0.9383216540221231,0.8755072443328211,0.7785304846274101,0.8157001884240023,0.8157001884240024,0.8376429258322178,0.7785304846274101,0.5991055193088279,0.11725201
246,0.9408698673770777,0.9541765434105327,0.9541765434105327,0.9489501559553656,0.9408698673770777,0.8799714793920426,0.7837415320479416,0.8192880954681612,0.8192880954681612,0.8395669628767319,0.7837415320479416,0.6057048832423118,0.11650108
247,0.9383795679620085,0.9526951325363269,0.9526951325363269,0.94741960178104,0.9383795679620085,0.8757627187629556,0.778009379885357,0.8178791429123586,0.8178791429123587,0.8414254638237566,0.778009379885357,0.6036345113624004,0.11070633
248,0.9462558637864134,0.958264814906928,0.9582648149069282,0.952967133899772,0.9462558637864134,0.8899949682455598,0.7931214174048984,0.8256727703159725,0.8256727703159725,0.8430851668001975,0.7931214174048984,0.6176766481519742,0.11557556
249,0.933572710951526,0.9492100062031735,0.9492100062031735,0.9441116754142503,0.933572710951526,0.8671971779194496,0.7675872850442939,0.8103355396656682,0.8103355396656682,0.8373581941850068,0.7675872850442939,0.5901372190921637,0.113126226
250,0.9360050964267099,0.9507701167270219,0.950770116727022,0.9456232269502229,0.9360050964267099,0.8713216732586233,0.7717561229807192,0.8123967291525751,0.8123967291525751,0.83740816463157,0.7717561229807192,0.5934900254829003,0.1137404
251,0.9417964904152429,0.955288767141567,0.955288767141567,0.9499101250571433,0.9417964904152429,0.882039311289378,0.7832204273058885,0.8203636824813991,0.8203636824813991,0.8415416063726605,0.7832204273058885,0.6078939759252867,0.11337951
252,0.9375687728036138,0.9519161477388315,0.9519161477388314,0.946716833720333,0.9375687728036138,0.8741313172446707,0.7754038561750912,0.8140623490192289,0.8140623490192289,0.837321752518655,0.7754038561750912,0.5962405772556896,0.11008564
253,0.9333410551919847,0.9489115070107139,0.9489115070107139,0.9438545637220833,0.9333410551919847,0.8666597792209553,0.7628973423658155,0.8064076239250169,0.806407623925017,0.8346842343990137,0.7628973423658155,0.5829932416043676,0.10910885
254,0.9329935715526727,0.9485250880011277,0.9485250880011278,0.9435158641044477,0.9329935715526727,0.8659137662355344,0.7649817613340282,0.807254324089284,0.807254324089284,0.834373982828005,0.7649817613340282,0.5842339318485363,0.11011375
255,0.9289975097005849,0.9453691947520477,0.9453691947520477,0.9406295390897274,0.9289975097005849,0.8586322302599669,0.7675872850442939,0.8107033288240411,0.8107033288240408,0.8379726982387903,0.7675872850442939,0.5909275981359606,0.114719145
256,0.9378004285631552,0.9523373064894971,0.9523373064894971,0.9470607379353156,0.9378004285631552,0.8747806811127484,0.778009379885357,0.8178791429123586,0.8178791429123587,0.8414254638237566,0.778009379885357,0.6036345113624004,0.110573165
257,0.9367000637053339,0.9511749760715766,0.9511749760715766,0.946032087251631,0.9367000637053339,0.8724712423582074,0.7655028660760813,0.8065465262344187,0.8065465262344189,0.8327975878459808,0.7655028660760813,0.5825987417655121,0.107617594
258,0.9305611860774888,0.9466378853220633,0.9466378853220634,0.9417801326832614,0.9305611860774888,0.8615073338545399,0.7670661803022407,0.8099399700454151,0.809939970045415,0.837128879901158,0.7670661803022407,0.5894300547268959,0.11420751
259,0.9336306248914114,0.9488859874371189,0.948885987437119,0.9438724350958337,0.9336306248914114,0.8669428952993077,0.7748827514330381,0.8155057251908397,0.8155057251908397,0.8400077918438966,0.7748827514330381,0.5993252917984238,0.110248975
260,0.9452134128684775,0.957514423072189,0.957514423072189,0.9522071646873795,0.9452134128684775,0.8880758712012491,0.7879103699843668,0.823188230746932,0.8231882307469321,0.842667996580057,0.7879103699843668,0.613054330444199,0.10716064
261,0.9406961255574217,0.9544535288788625,0.9544535288788625,0.9491034512269444,0.9406961255574217,0.8800112046379714,0.7769671704012506,0.8141456904048701,0.8141456904048702,0.8363424075042256,0.7769671704012506,0.5961769368212702,0.10945857
262,0.9235535993513638,0.941564055502305,0.941564055502305,0.937190450481372,0.9235535993513638,0.8493614351783644,0.7556018759770714,0.8023408058749638,0.8023408058749637,0.8340956859486038,0.7556018759770714,0.5764697720006996,0.1139671
263,0.933051485492558,0.948732593987299,0.948732593987299,0.9436821175387995,0.933051485492558,0.8661786783311242,0.7613340281396561,0.8033819692723935,0.8033819692723935,0.8309274540614456,0.7613340281396561,0.5769142388976632,0.111817904
264,0.9428389413331789,0.955998272456904,0.955998272456904,0.9506236270618353,0.9428389413331789,0.8838964867347561,0.7795726941115164,0.8139168035558991,0.8139168035558991,0.8342823393559856,0.7795726941115164,0.5954674010695599,0.109503135
265,0.9412173510163896,0.9547265084977271,0.954726508497727,0.9494008481654934,0.9412173510163896,0.880863255453338,0.7754038561750912,0.8136945598608561,0.813694559860856,0.8367469795487652,0.7754038561750912,0.5954885483237914,0.10620278
266,0.9328198297330167,0.9486385273918494,0.9486385273918494,0.9435824820066671,0.9328198297330167,0.8658428560125289,0.7691505992704534,0.8107866702096821,0.8107866702096821,0.8368358731566253,0.7691505992704534,0.5906971787863655,0.108858496
267,0.934093936410494,0.949482985822038,0.949482985822038,0.9443859916212978,0.934093936410494,0.8680172304555046,0.7707139134966128,0.8123411682288144,0.8123411682288144,0.8381365672542235,0.7707139134966128,0.593611592494523,0.10574805
268,0.934962645508774,0.9501423844504888,0.9501423844504889,0.9450016256197897,0.934962645508774,0.8695871433744092,0.7727983324648254,0.8139234467098271,0.8139234467098271,0.839069502278934,0.7727983324648254,0.5964639379136312,0.10205669
269,0.9364104940059073,0.9513231552033776,0.9513231552033777,0.9460938219236557,0.9364104940059073,0.8722894813411386,0.7738405419489317,0.8143467967919606,0.8143467967919605,0.8389438326139378,0.7738405419489317,0.5971238258807717,0.10612037
270,0.9320090345746221,0.948023088671962,0.9480230886719619,0.9430147591966767,0.9320090345746221,0.8643875827657259,0.7660239708181344,0.8091488308049086,0.8091488308049086,0.8366712075869512,0.7660239708181344,0.5880173390157454,0.10671602
271,0.9325881739734754,0.948012936044174,0.948012936044174,0.9430738119558192,0.9325881739734754,0.8649832772616959,0.7748827514330381,0.8151379360324669,0.8151379360324669,0.8394159483427726,0.7748827514330381,0.5985581752720629,0.10977352
272,0.941970232234899,0.9552571007896491,0.9552571007896492,0.9499270052778634,0.941970232234899,0.8822180438369608,0.7795726941115164,0.8164913276645086,0.8164913276645087,0.8381349409089681,0.7795726941115164,0.6005657245410387,0.10816656
273,0.9452713268083628,0.9576401560195564,0.9576401560195564,0.952302885399426,0.9452713268083628,0.88825113916194,0.784783741532048,0.8189758672335492,0.8189758672335491,0.838442149039208,0.784783741532048,0.6050257901838686,0.10698484
274,0.9227428041929693,0.9408668437436136,0.9408668437436136,0.936576612790437,0.9227428041929693,0.8478523823543247,0.7498697238144867,0.7976217508938062,0.7976217508938062,0.8310434438092766,0.7498697238144867,0.5680503644714986,0.1106845
275,0.9384953958417791,0.9525786197564438,0.9525786197564438,0.947357808209476,0.9384953958417791,0.8757879924340608,0.7811360083376758,0.8180458256836409,0.818045825683641,0.8394348581481189,0.7811360083376758,0.6034958145185345,0.10876578
276,0.9336306248914114,0.949049533514727,0.949049533514727,0.9439964543488584,0.9336306248914114,0.8671018006519481,0.7691505992704534,0.8111544593680549,0.8111544593680551,0.8374403260925732,0.7691505992704534,0.5914781641037032,0.10802766
277,0.9362367521862512,0.9505370911672556,0.9505370911672556,0.9454914478531798,0.9362367521862512,0.8713608515763854,0.7754038561750912,0.8136945598608561,0.813694559860856,0.8367469795487652,0.7754038561750912,0.5954885483237914,0.10637145
278,0.9483407656222853,0.9593567333823863,0.9593567333823863,0.9542584712532617,0.9483407656222853,0.8935410624030024,0.7879103699843668,0.8202459174799498,0.8202459174799498,0.8383971577965657,0.7879103699843668,0.6073833248068178,0.10247051
279,0.9383795679620085,0.952572472978121,0.9525724729781209,0.9473320140934439,0.9383795679620085,0.8756505155661434,0.7727983324648254,0.8109811334428447,0.8109811334428447,0.8343877357150201,0.7727983324648254,0.5903639711393895,0.10618346
280,0.9497886141194185,0.9609872558486969,0.9609872558486969,0.9556861609787529,0.9497886141194185,0.8966884840420816,0.8035435122459614,0.833216373562663,0.8332163735626631,0.8478629690988754,0.8035435122459614,0.632172839416922,0.10267253
281,0.9400011582787977,0.9534762582626799,0.9534762582626799,0.9482842250209212,0.9400011582787977,0.8783334947306786,0.7754038561750912,0.812223403227365,0.8122234032273649,0.8344790583695157,0.7754038561750912,0.5925076100356186,0.0992703
282,0.9392482770602885,0.9533545311647778,0.9533545311647779,0.9480487699993699,0.9392482770602885,0.8773525492781395,0.7800937988535696,0.8187258430766258,0.8187258430766259,0.8412200496030389,0.7800937988535696,0.6050131350124706,0.10302097
283,0.9386112237215498,0.9529118586899825,0.9529118586899824,0.9476163064952605,0.9386112237215498,0.8762236594401602,0.7722772277227723,0.8109533529809643,0.8109533529809643,0.8347201897382606,0.7722772277227723,0.5903941197608558,0.095688604
284,0.9448659292291655,0.9575368692566226,0.9575368692566227,0.9521308480137685,0.9448659292291655,0.8876633595716359,0.7837415320479416,0.8189203063097884,0.8189203063097884,0.8390195480001141,0.7837415320479416,0.6049815302269547,0.101494715
285,0.9437076504314589,0.9565350115271489,0.9565350115271488,0.9511868621575832,0.9437076504314589,0.885404478979758,0.7873892652423137,0.822424871968306,0.8224248719683062,0.8418715020476178,0.7873892652423137,0.6115956864401172,0.10402404
286,0.93339896913187,0.9487101478028654,0.9487101478028654,0.9437085399071211,0.93339896913187,0.8665247674743618,0.7670661803022407,0.8084688134119238,0.8084688134119238,0.8346993001719987,0.7670661803022407,0.5862917405790484,0.10066499
287,0.947761626223432,0.9596122051265862,0.9596122051265862,0.9542352155861842,0.947761626223432,0.8929869780840033,0.791558103178739,0.8237504831384674,0.8237504831384674,0.84126230010401,0.791558103178739,0.6140321387411222,0.09695665
288,0.9317194648751954,0.947803289129145,0.9478032891291449,0.9428125458896722,0.9317194648751954,0.8638686501417076,0.7566440854611777,0.8023963667987245,0.8023963667987244,0.8332465282497236,0.7566440854611777,0.5762133724435311,0.1068951
289,0.927086349684369,0.9444500425216817,0.9444500425216819,0.9397511997432834,0.927086349684369,0.8557961756311214,0.7639395518499218,0.8101410764325055,0.8101410764325055,0.8401891316951243,0.7639395518499218,0.5908523058928814,0.10542362
290,0.9467770892453814,0.9588648866810086,0.9588648866810086,0.9534891343056169,0.9467770892453814,0.8911370736137919,0.7936425221469515,0.8268039182529713,0.8268039182529712,0.844393503442168,0.7936425221469515,0.619822003029545,0.101926304
291,0.9355417849076273,0.9505819835361228,0.9505819835361228,0.945413513352242,0.9355417849076273,0.8706359189471468,0.7675872850442939,0.8103355396656682,0.8103355396656682,0.8373581941850068,0.7675872850442939,0.5901372190921637,0.10295698
292,0.9248856199687264,0.942534246879861,0.942534246879861,0.9380527632692779,0.9248856199687264,0.8516546643269595,0.7509119332985931,0.7973095226591942,0.7973095226591942,0.8295240046853081,0.7509119332985931,0.566938299322329,0.10052292
293,0.9232061157120519,0.9414229556091307,0.9414229556091307,0.9370632753484188,0.9232061157120519,0.8488883890462592,0.7488275143303804,0.7968306116532998,0.7968306116532998,0.8306099362828805,0.7488275143303804,0.5666756535433742,0.10436394
294,0.9305611860774888,0.9468832044384752,0.9468832044384753,0.941974069614652,0.9305611860774888,0.8617556106265895,0.7701928087545596,0.812313387766934,0.812313387766934,0.8385096012047636,0.7701928087545596,0.5936811884250929,0.10070895
295,0.9345572479295766,0.9500390976875552,0.9500390976875552,0.9448686417591026,0.9345572479295766,0.8690518653468514,0.7655028660760813,0.8065465262344187,0.8065465262344189,0.8327975878459808,0.7655028660760813,0.5825987417655121,0.1042338
296,0.9210632999362947,0.9397146659534812,0.9397146659534812,0.935564938770892,0.9210632999362947,0.8450602506764734,0.7451797811360084,0.7959005701033917,0.7959005701033917,0.8324935126365719,0.7451797811360084,0.5661513812495853,0.09906511
297,0.9359471824868246,0.9506852702990566,0.9506852702990566,0.9455517256995216,0.9359471824868246,0.8711779192418797,0.7717561229807192,0.8105577833607112,0.8105577833607112,0.8344788509801835,0.7717561229807192,0.5896719537037302,0.10283748
298,0.9406961255574217,0.9540446636848425,0.9540446636848425,0.9488223768149799,0.9406961255574217,0.8796507844669167,0.7795726941115164,0.8157557493477631,0.8157557493477631,0.8370189805856039,0.7795726941115164,0.5990956556570282,0.097083315
299,0.9292870794000115,0.9457116538530708,0.9457116538530708,0.9409280582051196,0.9292870794000115,0.8592739970902357,0.7623762376237624,0.8063798434631365,0.8063798434631364,0.8350792538349119,0.7623762376237624,0.5830895561180862,0.09735273
